-0.1495; -1; 4.76837e-08;
-0.1485; -1; 4.76837e-08;
-0.147; -1; 4.76837e-08;
-0.146; -1; 4.76837e-08;
-0.1445; -1; 4.76837e-08;
-0.143; -1; 4.76837e-08;
-0.1415; -1; 4.76837e-08;
-0.14; -1; 4.76837e-08;
-0.1385; -1; 4.76837e-08;
-0.137; -1; 4.76837e-08;
-0.1355; -1; 4.76837e-08;
-0.134; -1; 4.76837e-08;
-0.1325; -1; 4.76837e-08;
-0.131; -1; 4.76837e-08;
-0.1295; -1; 4.76837e-08;
-0.1285; -1; 4.76837e-08;
-0.127; -1; 4.76837e-08;
-0.1255; -1; 4.76837e-08;
-0.124; -1; 4.76837e-08;
-0.1225; -1; 4.76837e-08;
-0.121; -1; 4.76837e-08;
-0.1195; -1; 4.76837e-08;
-0.118; -1; 4.76837e-08;
-0.1165; -1; 4.76837e-08;
-0.115; -1; 4.76837e-08;
-0.1135; -1; 4.76837e-08;
-0.1115; -1; 4.76837e-08;
-0.11; -1; 4.76837e-08;
-0.1085; -1; 4.76837e-08;
-0.107; -1; 4.76837e-08;
-0.1055; -1; 4.76837e-08;
-0.104; -1; 4.76837e-08;
-0.1025; -1; 4.76837e-08;
-0.101; -1; 4.76837e-08;
-0.0995; -1; 4.76837e-08;
-0.098; -1; 4.76837e-08;
-0.0965; -1; 4.76837e-08;
-0.095; -1; 4.76837e-08;
-0.0935; -1; 4.76837e-08;
-0.092; -1; 4.76837e-08;
-0.0905; -1; 4.76837e-08;
-0.089; -1; 4.76837e-08;
-0.088; -1; 4.76837e-08;
-0.0865; -1; 4.76837e-08;
-0.085; -1; 4.76837e-08;
-0.084; -1; 4.76837e-08;
-0.0825; -1; 4.76837e-08;
-0.081; -1; 4.76837e-08;
-0.0795; -1; 4.76837e-08;
-0.078; -1; 4.76837e-08;
-0.0765; -1; 4.76837e-08;
-0.075; -1; 4.76837e-08;
-0.0735; -1; 4.76837e-08;
-0.072; -1; 4.76837e-08;
-0.0705; -1; 4.76837e-08;
-0.069; -1; 4.76837e-08;
-0.0675; -1; 4.76837e-08;
-0.066; -1; 4.76837e-08;
-0.0645; -1; 4.76837e-08;
-0.063; -1; 4.76837e-08;
-0.061; -1; 4.76837e-08;
-0.06; -1; 4.76837e-08;
-0.0585; -1; 4.76837e-08;
-0.057; -1; 4.76837e-08;
-0.0555; -1; 4.76837e-08;
-0.054; -1; 4.76837e-08;
-0.0525; -1; 4.76837e-08;
-0.051; -1; 4.76837e-08;
-0.0495; -1; 4.76837e-08;
-0.048; -1; 4.76837e-08;
-0.046; -1; 4.76837e-08;
-0.045; -1; 4.76837e-08;
-0.0435; -1; 4.76837e-08;
-0.0415; -1; 4.76837e-08;
-0.04; -1; 4.76837e-08;
-0.0385; -1; 4.76837e-08;
-0.037; -1; 4.76837e-08;
-0.036; -1; 4.76837e-08;
-0.0345; -1; 4.76837e-08;
-0.033; -1; 4.76837e-08;
-0.0315; -1; 4.76837e-08;
-0.03; -1; 4.76837e-08;
-0.0285; -1; 4.76837e-08;
-0.027; -1; 4.76837e-08;
-0.026; -1; 4.76837e-08;
-0.0245; -1; 4.76837e-08;
-0.023; -1; 4.76837e-08;
-0.0215; -1; 4.76837e-08;
-0.02; -1; 4.76837e-08;
-0.0185; -1; 4.76837e-08;
-0.017; -1; 4.76837e-08;
-0.015; -1; 4.76837e-08;
-0.013; -1; 4.76837e-08;
-0.0115; -1; 4.76837e-08;
-0.01; -1; 4.76837e-08;
-0.00800004; -1; 4.76837e-08;
-0.00650003; -1; 4.76837e-08;
-0.00500002; -1; 4.76837e-08;
-0.00350001; -1; 4.76837e-08;
-0.002; -1; 4.76837e-08;
-0.00100001; -1; 4.76837e-08;
0.0005; -1; 4.76837e-08;
0.00200001; -1; 4.76837e-08;
0.00349996; -1; 4.76837e-08;
0.00499997; -1; 4.76837e-08;
0.00649998; -1; 4.76837e-08;
0.00799999; -1; 4.76837e-08;
0.0095; -1; 4.76837e-08;
0.0115; -1; 4.76837e-08;
0.013; -1; 4.76837e-08;
0.0145; -1; 4.76837e-08;
0.016; -1; 4.76837e-08;
0.0175; -1; 4.76837e-08;
0.0185; -1; 4.76837e-08;
0.02; -1; 4.76837e-08;
0.0215; -1; 4.76837e-08;
0.023; -1; 4.76837e-08;
0.0245; -1; 4.76837e-08;
0.026; -1; 4.76837e-08;
0.0275; -1; 4.76837e-08;
0.0285; -1; 4.76837e-08;
0.03; -1; 4.76837e-08;
0.0315; -1; 4.76837e-08;
0.0335; -1; 4.76837e-08;
0.035; -1; 4.76837e-08;
0.0365; -1; 4.76837e-08;
0.038; -1; 4.76837e-08;
0.0395; -1; 4.76837e-08;
0.041; -1; 4.76837e-08;
0.0425; -1; 4.76837e-08;
0.0445; -1; 4.76837e-08;
0.046; -1; 4.76837e-08;
0.0475; -1; 4.76837e-08;
0.049; -1; 4.76837e-08;
0.0505; -1; 4.76837e-08;
0.0525; -1; 4.76837e-08;
0.054; -1; 4.76837e-08;
0.0555; -1; 4.76837e-08;
0.0575; -1; 4.76837e-08;
0.059; -1; 4.76837e-08;
0.0605; -1; 4.76837e-08;
0.0615; -1; 4.76837e-08;
0.063; -1; 4.76837e-08;
0.0645; -1; 4.76837e-08;
0.066; -1; 4.76837e-08;
0.0675; -1; 4.76837e-08;
0.069; -1; 4.76837e-08;
0.0705; -1; 4.76837e-08;
0.072; -1; 4.76837e-08;
0.0735; -1; 4.76837e-08;
0.075; -1; 4.76837e-08;
0.0765; -1; 4.76837e-08;
0.0785; -1; 4.76837e-08;
0.08; -1; 4.76837e-08;
0.0815; -1; 4.76837e-08;
0.083; -1; 4.76837e-08;
0.0845; -1; 4.76837e-08;
0.0865; -1; 4.76837e-08;
0.088; -1; 4.76837e-08;
0.0895; -1; 4.76837e-08;
0.091; -1; 4.76837e-08;
0.0925; -1; 4.76837e-08;
0.094; -1; 4.76837e-08;
0.095; -1; 4.76837e-08;
0.0965; -1; 4.76837e-08;
0.0985; -1; 4.76837e-08;
0.0995; -1; 4.76837e-08;
0.101; -1; 4.76837e-08;
0.1025; -1; 4.76837e-08;
0.104; -1; 4.76837e-08;
0.1055; -1; 4.76837e-08;
0.1065; -1; 4.76837e-08;
0.108; -1; 4.76837e-08;
0.1095; -1; 4.76837e-08;
0.111; -1; 4.76837e-08;
0.1125; -1; 4.76837e-08;
0.1135; -1; 4.76837e-08;
0.115; -1; 4.76837e-08;
0.1165; -1; 4.76837e-08;
0.118; -1; 4.76837e-08;
0.119; -1; 4.76837e-08;
0.1205; -1; 4.76837e-08;
0.122; -1; 4.76837e-08;
0.1235; -1; 4.76837e-08;
0.125; -1; 4.76837e-08;
0.1265; -1; 4.76837e-08;
0.1285; -1; 4.76837e-08;
0.13; -1; 4.76837e-08;
0.132; -1; 4.76837e-08;
0.1335; -1; 4.76837e-08;
0.135; -1; 4.76837e-08;
0.136; -1; 4.76837e-08;
0.1375; -1; 4.76837e-08;
0.139; -1; 4.76837e-08;
0.1405; -1; 4.76837e-08;
0.142; -1; 4.76837e-08;
0.1435; -1; 4.76837e-08;
0.145; -1; 4.76837e-08;
0.1465; -1; 4.76837e-08;
0.148; -1; 4.76837e-08;
0.15; -1; 4.76837e-08;
0.151; -1; 4.76837e-08;
0.1525; -1; 4.76837e-08;
0.154; -1; 4.76837e-08;
0.155; -1; 4.76837e-08;
0.1565; -1; 4.76837e-08;
0.158; -1; 4.76837e-08;
0.1595; -1; 4.76837e-08;
0.161; -1; 4.76837e-08;
0.162; -1; 4.76837e-08;
0.1635; -1; 4.76837e-08;
0.165; -1; 4.76837e-08;
0.1665; -1; 4.76837e-08;
0.168; -1; 4.76837e-08;
0.1695; -1; 4.76837e-08;
0.171; -1; 4.76837e-08;
0.1725; -1; 4.76837e-08;
0.174; -1; 4.76837e-08;
0.176; -1; 4.76837e-08;
0.177; -1; 4.76837e-08;
0.1785; -1; 4.76837e-08;
0.18; -1; 4.76837e-08;
0.1815; -1; 4.76837e-08;
0.183; -1; 4.76837e-08;
0.1845; -1; 4.76837e-08;
0.186; -1; 4.76837e-08;
0.1875; -1; 4.76837e-08;
0.189; -1; 4.76837e-08;
0.1905; -1; 4.76837e-08;
0.192; -1; 4.76837e-08;
0.1935; -1; 4.76837e-08;
0.195; -1; 4.76837e-08;
0.196; -1; 4.76837e-08;
0.1975; -1; 4.76837e-08;
0.1995; -1; 4.76837e-08;
0.201; -1; 4.76837e-08;
0.202; -1; 4.76837e-08;
0.2035; -1; 4.76837e-08;
0.205; -1; 4.76837e-08;
0.2065; -1; 4.76837e-08;
0.208; -1; 4.76837e-08;
0.2095; -1; 4.76837e-08;
0.211; -1; 4.76837e-08;
0.2125; -1; 4.76837e-08;
0.214; -1; 4.76837e-08;
0.2155; -1; 4.76837e-08;
0.217; -1; 4.76837e-08;
0.2185; -1; 4.76837e-08;
0.22; -1; 4.76837e-08;
0.222; -1; 4.76837e-08;
0.2235; -1; 4.76837e-08;
0.2255; -1; 4.76837e-08;
0.2275; -1; 4.76837e-08;
0.229; -1; 4.76837e-08;
0.231; -1; 4.76837e-08;
0.2325; -1; 4.76837e-08;
0.234; -1; 4.76837e-08;
0.2355; -1; 4.76837e-08;
0.237; -1; 4.76837e-08;
0.2385; -1; 4.76837e-08;
0.2405; -1; 4.76837e-08;
0.242; -1; 4.76837e-08;
0.243; -1; 4.76837e-08;
0.2445; -1; 4.76837e-08;
0.2465; -1; 4.76837e-08;
0.248; -1; 4.76837e-08;
0.2495; -1; 4.76837e-08;
0.251; -1; 4.76837e-08;
0.2525; -1; 4.76837e-08;
0.254; -1; 4.76837e-08;
0.255; -1; 4.76837e-08;
0.256; -1; 4.76837e-08;
0.2575; -1; 4.76837e-08;
0.2585; -1; 4.76837e-08;
0.26; -1; 4.76837e-08;
0.2615; -1; 4.76837e-08;
0.2625; -1; 4.76837e-08;
0.264; -1; 4.76837e-08;
0.2665; -1; 4.76837e-08;
0.268; -1; 4.76837e-08;
0.2695; -1; 4.76837e-08;
0.271; -1; 4.76837e-08;
0.273; -1; 4.76837e-08;
0.275; -1; 4.76837e-08;
0.277; -1; 4.76837e-08;
0.2785; -1; 4.76837e-08;
0.28; -1; 4.76837e-08;
0.2815; -1; 4.76837e-08;
0.283; -1; 4.76837e-08;
0.2845; -1; 4.76837e-08;
0.2865; -1; 4.76837e-08;
0.288; -1; 4.76837e-08;
0.29; -1; 4.76837e-08;
0.291; -1; 4.76837e-08;
0.2925; -1; 4.76837e-08;
0.294; -1; 4.76837e-08;
0.295; -1; 4.76837e-08;
0.2965; -1; 4.76837e-08;
0.298; -1; 4.76837e-08;
0.2995; -1; 4.76837e-08;
0.301; -1; 4.76837e-08;
0.3025; -1; 4.76837e-08;
0.304; -1; 4.76837e-08;
0.3055; -1; 4.76837e-08;
0.307; -1; 4.76837e-08;
0.3085; -1; 4.76837e-08;
0.31; -1; 4.76837e-08;
0.311; -1; 4.76837e-08;
0.3125; -1; 4.76837e-08;
0.3145; -1; 4.76837e-08;
0.316; -1; 4.76837e-08;
0.3175; -1; 4.76837e-08;
0.319; -1; 4.76837e-08;
0.3205; -1; 4.76837e-08;
0.322; -1; 4.76837e-08;
0.3235; -1; 4.76837e-08;
0.3255; -1; 4.76837e-08;
0.327; -1; 4.76837e-08;
0.3285; -1; 4.76837e-08;
0.33; -1; 4.76837e-08;
0.332; -1; 4.76837e-08;
0.3335; -1; 4.76837e-08;
0.335; -1; 4.76837e-08;
0.3365; -1; 4.76837e-08;
0.338; -1; 4.76837e-08;
0.3395; -1; 4.76837e-08;
0.341; -1; 4.76837e-08;
0.3425; -1; 4.76837e-08;
0.344; -1; 4.76837e-08;
0.3455; -1; 4.76837e-08;
0.3465; -1; 4.76837e-08;
0.348; -1; 4.76837e-08;
0.3495; -1; 4.76837e-08;
0.350998; -0.998373; 4.77353e-08;
0.352493; -0.996746; 4.77866e-08;
0.353984; -0.995119; 4.78376e-08;
0.355471; -0.993492; 4.78883e-08;
0.356954; -0.991866; 4.79388e-08;
0.358427; -0.989696; 4.80056e-08;
0.360893; -0.987528; 4.80719e-08;
0.362363; -0.985901; 4.81214e-08;
0.363829; -0.984274; 4.81705e-08;
0.365292; -0.982648; 4.82193e-08;
0.366752; -0.981022; 4.82679e-08;
0.368207; -0.979395; 4.83162e-08;
0.369675; -0.978311; 4.83482e-08;
0.370625; -0.976685; 4.83961e-08;
0.372071; -0.975059; 4.84436e-08;
0.373513; -0.973433; 4.84908e-08;
0.374952; -0.971807; 4.85378e-08;
0.376387; -0.970182; 4.85845e-08;
0.37827; -0.967473; 4.86616e-08;
0.380195; -0.965848; 4.87075e-08;
0.381617; -0.964223; 4.87532e-08;
0.383035; -0.962598; 4.87985e-08;
0.384449; -0.960973; 4.88436e-08;
0.385859; -0.959349; 4.88884e-08;
0.387702; -0.956642; 4.89623e-08;
0.389137; -0.955559; 4.89917e-08;
0.390535; -0.953935; 4.90355e-08;
0.39193; -0.952312; 4.90791e-08;
0.393321; -0.950689; 4.91223e-08;
0.394709; -0.949066; 4.91653e-08;
0.395632; -0.947984; 4.91938e-08;
0.397013; -0.946361; 4.92362e-08;
0.398391; -0.944739; 4.92784e-08;
0.399765; -0.943117; 4.93203e-08;
0.401179; -0.942036; 4.93481e-08;
0.402047; -0.940414; 4.93895e-08;
0.403366; -0.938253; 4.94443e-08;
0.405225; -0.936632; 4.94851e-08;
0.406581; -0.935011; 4.95255e-08;
0.407934; -0.933391; 4.95657e-08;
0.409282; -0.931771; 4.96056e-08;
0.410628; -0.930152; 4.96452e-08;
0.411969; -0.928533; 4.96845e-08;
0.413752; -0.926374; 4.97364e-08;
0.415085; -0.924756; 4.9775e-08;
0.416414; -0.923138; 4.98134e-08;
0.41774; -0.921521; 4.98514e-08;
0.419062; -0.919903; 4.98891e-08;
0.42038; -0.918287; 4.99266e-08;
0.421695; -0.91667; 4.99638e-08;
0.423443; -0.914516; 5.00129e-08;
0.424749; -0.912901; 5.00494e-08;
0.426052; -0.911286; 5.00856e-08;
0.427715; -0.908595; 5.01452e-08;
0.429438; -0.906444; 5.01924e-08;
0.431655; -0.904293; 5.0239e-08;
0.432939; -0.902681; 5.02736e-08;
0.434218; -0.901069; 5.0308e-08;
0.435495; -0.899457; 5.0342e-08;
0.436767; -0.897847; 5.03758e-08;
0.438036; -0.896236; 5.04092e-08;
0.439301; -0.894626; 5.04424e-08;
0.440563; -0.893017; 5.04753e-08;
0.441821; -0.891408; 5.05079e-08;
0.443076; -0.8898; 5.05401e-08;
0.444327; -0.888192; 5.05721e-08;
0.445574; -0.886585; 5.06038e-08;
0.446818; -0.884978; 5.06352e-08;
0.448058; -0.883372; 5.06663e-08;
0.449294; -0.881767; 5.06971e-08;
0.450937; -0.879627; 5.07378e-08;
0.452165; -0.878023; 5.07679e-08;
0.45339; -0.87642; 5.07977e-08;
0.454517; -0.874283; 5.0837e-08;
0.456638; -0.872147; 5.08758e-08;
0.457849; -0.870546; 5.09045e-08;
0.458654; -0.869479; 5.09235e-08;
0.45986; -0.867879; 5.09518e-08;
0.461062; -0.86628; 5.09797e-08;
0.46226; -0.864681; 5.10074e-08;
0.463454; -0.863083; 5.10347e-08;
0.464645; -0.861486; 5.10618e-08;
0.465833; -0.859889; 5.10885e-08;
0.467016; -0.858293; 5.1115e-08;
0.468589; -0.856167; 5.11498e-08;
0.469765; -0.854573; 5.11756e-08;
0.470937; -0.852979; 5.1201e-08;
0.472105; -0.851386; 5.12262e-08;
0.47327; -0.849794; 5.12511e-08;
0.474044; -0.848733; 5.12675e-08;
0.475203; -0.847143; 5.12919e-08;
0.475973; -0.846083; 5.1308e-08;
0.477242; -0.845023; 5.13239e-08;
0.477893; -0.843434; 5.13476e-08;
0.47904; -0.841846; 5.1371e-08;
0.480183; -0.840259; 5.13941e-08;
0.481323; -0.838672; 5.14169e-08;
0.482459; -0.837086; 5.14393e-08;
0.483592; -0.835502; 5.14615e-08;
0.484721; -0.833917; 5.14834e-08;
0.485846; -0.832334; 5.1505e-08;
0.486968; -0.830752; 5.15263e-08;
0.487714; -0.829697; 5.15403e-08;
0.48883; -0.828117; 5.15611e-08;
0.489943; -0.826536; 5.15816e-08;
0.491052; -0.824957; 5.16018e-08;
0.492289; -0.823905; 5.16151e-08;
0.492892; -0.822327; 5.16348e-08;
0.493992; -0.82075; 5.16542e-08;
0.495088; -0.819174; 5.16733e-08;
0.495816; -0.818124; 5.16858e-08;
0.496906; -0.81655; 5.17044e-08;
0.497993; -0.814976; 5.17227e-08;
0.499076; -0.813404; 5.17407e-08;
0.500156; -0.811832; 5.17584e-08;
0.501232; -0.810262; 5.17758e-08;
0.502304; -0.808692; 5.17929e-08;
0.503373; -0.807123; 5.18096e-08;
0.504438; -0.805555; 5.18261e-08;
0.5055; -0.803989; 5.18423e-08;
0.506559; -0.802423; 5.18582e-08;
0.507614; -0.800858; 5.18738e-08;
0.508665; -0.799294; 5.18891e-08;
0.509713; -0.797731; 5.1904e-08;
0.510757; -0.79617; 5.19187e-08;
0.511798; -0.794609; 5.19331e-08;
0.512835; -0.793049; 5.19472e-08;
0.513869; -0.79149; 5.19609e-08;
0.5149; -0.789933; 5.19744e-08;
0.515927; -0.788376; 5.19876e-08;
0.516609; -0.787339; 5.19962e-08;
0.51763; -0.785784; 5.20089e-08;
0.518648; -0.78423; 5.20212e-08;
0.519499; -0.782161; 5.20372e-08;
0.521344; -0.780093; 5.20527e-08;
0.522014; -0.779059; 5.20603e-08;
0.523017; -0.77751; 5.20713e-08;
0.524016; -0.775962; 5.20821e-08;
0.525011; -0.774416; 5.20925e-08;
0.526003; -0.77287; 5.21027e-08;
0.526992; -0.771326; 5.21125e-08;
0.527805; -0.769268; 5.21252e-08;
0.529285; -0.767727; 5.21343e-08;
0.530262; -0.766186; 5.21432e-08;
0.531412; -0.76516; 5.21489e-08;
0.531883; -0.763621; 5.21572e-08;
0.532851; -0.762084; 5.21652e-08;
0.533494; -0.761059; 5.21704e-08;
0.534456; -0.759524; 5.2178e-08;
0.535596; -0.758501; 5.21828e-08;
0.536234; -0.757479; 5.21875e-08;
0.536688; -0.755946; 5.21943e-08;
0.537639; -0.754415; 5.22009e-08;
0.538586; -0.752885; 5.22071e-08;
0.539529; -0.751356; 5.2213e-08;
0.54047; -0.749828; 5.22186e-08;
0.541407; -0.748302; 5.22239e-08;
0.54234; -0.746777; 5.22289e-08;
0.54327; -0.745253; 5.22336e-08;
0.544197; -0.743731; 5.2238e-08;
0.54512; -0.742209; 5.22421e-08;
0.54604; -0.740689; 5.22459e-08;
0.546956; -0.739171; 5.22494e-08;
0.547869; -0.737654; 5.22525e-08;
0.548779; -0.736137; 5.22554e-08;
0.549383; -0.735128; 5.22572e-08;
0.550287; -0.733614; 5.22596e-08;
0.551188; -0.732101; 5.22616e-08;
0.552085; -0.73059; 5.22634e-08;
0.552979; -0.729081; 5.22649e-08;
0.553869; -0.727572; 5.2266e-08;
0.554756; -0.726065; 5.22669e-08;
0.555933; -0.724058; 5.22676e-08;
0.556813; -0.722554; 5.22677e-08;
0.557979; -0.720552; 5.22674e-08;
0.55914; -0.718551; 5.22666e-08;
0.560007; -0.717053; 5.22657e-08;
0.560871; -0.715555; 5.22644e-08;
0.561731; -0.71406; 5.22628e-08;
0.562587; -0.712565; 5.2261e-08;
0.563156; -0.71157; 5.22596e-08;
0.564008; -0.710078; 5.22572e-08;
0.564855; -0.708588; 5.22545e-08;
0.565419; -0.707595; 5.22525e-08;
0.566261; -0.706107; 5.22494e-08;
0.5671; -0.70462; 5.22459e-08;
0.567935; -0.703136; 5.22421e-08;
0.568767; -0.701652; 5.2238e-08;
0.569596; -0.70017; 5.22336e-08;
0.570696; -0.698196; 5.22273e-08;
0.571517; -0.696718; 5.22222e-08;
0.572607; -0.694749; 5.22149e-08;
0.57342; -0.693274; 5.22091e-08;
0.57423; -0.691801; 5.2203e-08;
0.574768; -0.690819; 5.21987e-08;
0.575573; -0.689349; 5.21921e-08;
0.576374; -0.687879; 5.21852e-08;
0.577172; -0.686412; 5.2178e-08;
0.577967; -0.684946; 5.21704e-08;
0.578758; -0.683481; 5.21626e-08;
0.579546; -0.682018; 5.21545e-08;
0.580331; -0.680557; 5.2146e-08;
0.580872; -0.678611; 5.21343e-08;
0.58215; -0.677154; 5.21252e-08;
0.582924; -0.675698; 5.21157e-08;
0.583694; -0.674244; 5.2106e-08;
0.584462; -0.672791; 5.20959e-08;
0.585226; -0.67134; 5.20856e-08;
0.585987; -0.669891; 5.20749e-08;
0.586744; -0.668443; 5.2064e-08;
0.587499; -0.666997; 5.20527e-08;
0.58825; -0.665553; 5.20412e-08;
0.588998; -0.66411; 5.20293e-08;
0.589742; -0.662669; 5.20171e-08;
0.590484; -0.66123; 5.20047e-08;
0.591222; -0.659793; 5.19919e-08;
0.591957; -0.658357; 5.19788e-08;
0.592689; -0.656923; 5.19655e-08;
0.593417; -0.65549; 5.19518e-08;
0.594142; -0.65406; 5.19378e-08;
0.594624; -0.653107; 5.19283e-08;
0.595344; -0.651679; 5.19139e-08;
0.596061; -0.650253; 5.18991e-08;
0.596537; -0.649304; 5.18891e-08;
0.597248; -0.647881; 5.18738e-08;
0.597721; -0.646933; 5.18634e-08;
0.598192; -0.645986; 5.18529e-08;
0.598896; -0.644567; 5.1837e-08;
0.599597; -0.64315; 5.18207e-08;
0.600294; -0.641735; 5.18041e-08;
0.600989; -0.640321; 5.17872e-08;
0.60168; -0.63891; 5.177e-08;
0.602368; -0.6375; 5.17525e-08;
0.603053; -0.636092; 5.17347e-08;
0.603735; -0.634686; 5.17166e-08;
0.604414; -0.633281; 5.16983e-08;
0.605089; -0.631879; 5.16796e-08;
0.605985; -0.630012; 5.16542e-08;
0.606653; -0.628613; 5.16348e-08;
0.607597; -0.627682; 5.16217e-08;
0.60776; -0.626287; 5.16018e-08;
0.60842; -0.624894; 5.15816e-08;
0.608858; -0.623967; 5.1568e-08;
0.609513; -0.622577; 5.15473e-08;
0.610447; -0.621651; 5.15333e-08;
0.610597; -0.620264; 5.15121e-08;
0.611028; -0.619341; 5.14978e-08;
0.611672; -0.617957; 5.14762e-08;
0.612313; -0.616575; 5.14542e-08;
0.612951; -0.615195; 5.14319e-08;
0.613586; -0.613818; 5.14093e-08;
0.614218; -0.612442; 5.13864e-08;
0.614847; -0.611068; 5.13632e-08;
0.615473; -0.609696; 5.13397e-08;
0.616095; -0.608326; 5.1316e-08;
0.616715; -0.606958; 5.12919e-08;
0.617331; -0.605592; 5.12675e-08;
0.617945; -0.604227; 5.12428e-08;
0.618555; -0.602865; 5.12179e-08;
0.619162; -0.601505; 5.11926e-08;
0.620065; -0.600599; 5.11756e-08;
0.620368; -0.598791; 5.11412e-08;
0.620966; -0.597437; 5.1115e-08;
0.621533; -0.596024; 5.1087e-08;
0.621777; -0.594119; 5.10487e-08;
0.62283; -0.592669; 5.10197e-08;
0.623381; -0.591235; 5.09904e-08;
0.623928; -0.589804; 5.09607e-08;
0.624472; -0.588374; 5.09308e-08;
0.625013; -0.586947; 5.09006e-08;
0.625551; -0.585522; 5.08701e-08;
0.625907; -0.584573; 5.08495e-08;
0.626616; -0.582678; 5.08081e-08;
0.627144; -0.58126; 5.07767e-08;
0.627661; -0.579833; 5.07446e-08;
0.628455; -0.578738; 5.07205e-08;
0.628396; -0.577175; 5.06842e-08;
0.628832; -0.575573; 5.06476e-08;
0.629263; -0.573973; 5.06107e-08;
0.629549; -0.572907; 5.0586e-08;
0.629975; -0.571312; 5.05486e-08;
0.630755; -0.570207; 5.05235e-08;
0.630676; -0.568658; 5.04857e-08;
0.631092; -0.56707; 5.04475e-08;
0.631505; -0.565484; 5.04091e-08;
0.632276; -0.564386; 5.03833e-08;
0.632184; -0.562847; 5.03443e-08;
0.632635; -0.560582; 5.02878e-08;
0.632935; -0.558793; 5.02437e-08;
0.63323; -0.557007; 5.01992e-08;
0.633521; -0.555224; 5.01545e-08;
0.633808; -0.553444; 5.01095e-08;
0.63409; -0.551667; 5.00642e-08;
0.634369; -0.549894; 5.00187e-08;
0.634643; -0.548124; 4.99728e-08;
0.634914; -0.546357; 4.99267e-08;
0.63518; -0.544593; 4.98803e-08;
0.635388; -0.54275; 4.98311e-08;
0.635527; -0.540757; 4.97793e-08;
0.635661; -0.538767; 4.97271e-08;
0.63579; -0.536782; 4.96748e-08;
0.635914; -0.5348; 4.96221e-08;
0.636033; -0.532822; 4.95693e-08;
0.636148; -0.530848; 4.95161e-08;
0.635808; -0.528338; 4.94449e-08;
0.636398; -0.526257; 4.93912e-08;
0.636951; -0.524834; 4.93552e-08;
0.636448; -0.522811; 4.92966e-08;
0.636396; -0.520601; 4.92371e-08;
0.636339; -0.518396; 4.91773e-08;
0.636276; -0.516196; 4.91174e-08;
0.636232; -0.514732; 4.90774e-08;
0.63616; -0.512539; 4.90171e-08;
0.636083; -0.510351; 4.89566e-08;
0.636001; -0.508168; 4.88959e-08;
0.635913; -0.50599; 4.8835e-08;
0.635653; -0.502894; 4.87488e-08;
0.635295; -0.499648; 4.86603e-08;
0.635019; -0.49722; 4.85937e-08;
0.634737; -0.494798; 4.8527e-08;
0.634449; -0.492381; 4.84602e-08;
0.634056; -0.489167; 4.83708e-08;
0.633754; -0.486763; 4.83036e-08;
0.633549; -0.485163; 4.82587e-08;
0.633096; -0.482581; 4.81873e-08;
0.632758; -0.480809; 4.81393e-08;
0.632246; -0.478156; 4.80672e-08;
0.631727; -0.47551; 4.79952e-08;
0.631202; -0.47287; 4.7923e-08;
0.630848; -0.471113; 4.78749e-08;
0.630131; -0.467609; 4.77786e-08;
0.629586; -0.464988; 4.77063e-08;
0.628933; -0.462257; 4.76316e-08;
0.62817; -0.459399; 4.75559e-08;
0.6274; -0.456549; 4.74803e-08;
0.626623; -0.453706; 4.74047e-08;
0.625838; -0.45087; 4.73292e-08;
0.625047; -0.448041; 4.72537e-08;
0.624249; -0.445219; 4.71783e-08;
0.623435; -0.442397; 4.71027e-08;
0.622442; -0.439406; 4.70258e-08;
0.621416; -0.436397; 4.69491e-08;
0.620383; -0.433397; 4.68726e-08;
0.620027; -0.43103; 4.68217e-08;
0.618646; -0.428412; 4.67455e-08;
0.618281; -0.426054; 4.66948e-08;
0.616889; -0.42345; 4.66189e-08;
0.615823; -0.420481; 4.65433e-08;
0.614587; -0.417393; 4.64683e-08;
0.613318; -0.414292; 4.63936e-08;
0.612042; -0.4112; 4.63192e-08;
0.610759; -0.408116; 4.62451e-08;
0.609037; -0.404016; 4.61469e-08;
0.607738; -0.400951; 4.60735e-08;
0.605966; -0.396867; 4.59777e-08;
0.60449; -0.39374; 4.59077e-08;
0.603008; -0.390622; 4.58381e-08;
0.601519; -0.387512; 4.57689e-08;
0.600024; -0.38441; 4.57002e-08;
0.598521; -0.381317; 4.56319e-08;
0.597013; -0.378231; 4.5564e-08;
0.595512; -0.375165; 4.54974e-08;
0.593899; -0.372092; 4.54345e-08;
0.592251; -0.369016; 4.53721e-08;
0.590598; -0.365948; 4.53103e-08;
0.588239; -0.362347; 4.52286e-08;
0.586717; -0.358818; 4.51679e-08;
0.585044; -0.355775; 4.51077e-08;
0.583365; -0.35274; 4.50481e-08;
0.581675; -0.34976; 4.49933e-08;
0.579906; -0.346778; 4.49397e-08;
0.578132; -0.343802; 4.48867e-08;
0.576353; -0.340834; 4.48342e-08;
0.574569; -0.337872; 4.47824e-08;
0.57278; -0.334918; 4.4731e-08;
0.571667; -0.332459; 4.46971e-08;
0.569786; -0.33001; 4.46468e-08;
0.567405; -0.326159; 4.45846e-08;
0.565553; -0.323304; 4.45408e-08;
0.563697; -0.320456; 4.44976e-08;
0.561837; -0.317613; 4.4455e-08;
0.559972; -0.314777; 4.4413e-08;
0.558102; -0.311947; 4.43715e-08;
0.555603; -0.308184; 4.43172e-08;
0.553097; -0.304433; 4.42639e-08;
0.550597; -0.301242; 4.42146e-08;
0.548696; -0.297987; 4.41787e-08;
0.546792; -0.295237; 4.41433e-08;
0.544884; -0.292494; 4.41085e-08;
0.542972; -0.289756; 4.40743e-08;
0.541695; -0.287934; 4.40518e-08;
0.539776; -0.285207; 4.40186e-08;
0.538495; -0.282892; 4.39968e-08;
0.53657; -0.280674; 4.39646e-08;
0.534641; -0.277963; 4.39329e-08;
0.533353; -0.276159; 4.39121e-08;
0.531418; -0.273457; 4.38815e-08;
0.529479; -0.270762; 4.38514e-08;
0.527537; -0.268073; 4.38219e-08;
0.52559; -0.26539; 4.37929e-08;
0.52364; -0.262713; 4.37646e-08;
0.521687; -0.260042; 4.37369e-08;
0.520382; -0.258265; 4.37187e-08;
0.519076; -0.256491; 4.37008e-08;
0.517114; -0.253835; 4.36744e-08;
0.515148; -0.251184; 4.36487e-08;
0.513179; -0.24854; 4.36235e-08;
0.511205; -0.245902; 4.35989e-08;
0.509229; -0.243271; 4.35749e-08;
0.507248; -0.240645; 4.35514e-08;
0.505265; -0.238026; 4.35286e-08;
0.503278; -0.235413; 4.35064e-08;
0.501287; -0.232806; 4.34847e-08;
0.499293; -0.230206; 4.34636e-08;
0.497295; -0.227611; 4.34432e-08;
0.495294; -0.225024; 4.34233e-08;
0.49329; -0.222442; 4.3404e-08;
0.491282; -0.219867; 4.33853e-08;
0.489271; -0.217298; 4.33672e-08;
0.487256; -0.214735; 4.33497e-08;
0.485238; -0.212179; 4.33328e-08;
0.483217; -0.209629; 4.33164e-08;
0.481193; -0.207085; 4.33007e-08;
0.479165; -0.204548; 4.32855e-08;
0.476456; -0.201175; 4.32663e-08;
0.474421; -0.198652; 4.32525e-08;
0.473062; -0.196474; 4.32437e-08;
0.471022; -0.194463; 4.32309e-08;
0.468978; -0.191957; 4.32187e-08;
0.466931; -0.189458; 4.32071e-08;
0.464881; -0.186966; 4.31961e-08;
0.462142; -0.183653; 4.31824e-08;
0.460771; -0.1815; 4.31759e-08;
0.458712; -0.179527; 4.31667e-08;
0.456649; -0.17706; 4.31581e-08;
0.454584; -0.1746; 4.315e-08;
0.452516; -0.172147; 4.31426e-08;
0.451135; -0.170015; 4.3138e-08;
0.449062; -0.168072; 4.31315e-08;
0.446986; -0.165636; 4.31257e-08;
0.444906; -0.163206; 4.31204e-08;
0.443518; -0.16109; 4.31173e-08;
0.441434; -0.159171; 4.3113e-08;
0.439347; -0.156758; 4.31093e-08;
0.437258; -0.154353; 4.31062e-08;
0.434467; -0.151655; 4.31031e-08;
0.43237; -0.148765; 4.31014e-08;
0.430271; -0.146381; 4.31003e-08;
0.428169; -0.144004; 4.30998e-08;
0.426064; -0.141633; 4.30999e-08;
0.423957; -0.139269; 4.31006e-08;
0.421847; -0.136912; 4.31019e-08;
0.420438; -0.134844; 4.3103e-08;
0.418324; -0.132998; 4.31053e-08;
0.416207; -0.130658; 4.31082e-08;
0.414087; -0.128325; 4.31116e-08;
0.411965; -0.125999; 4.31157e-08;
0.409839; -0.123679; 4.31203e-08;
0.407712; -0.121366; 4.31256e-08;
0.405581; -0.11906; 4.31314e-08;
0.403449; -0.11676; 4.31378e-08;
0.401314; -0.114468; 4.31449e-08;
0.399176; -0.112181; 4.31525e-08;
0.397036; -0.109902; 4.31607e-08;
0.394893; -0.107629; 4.31695e-08;
0.392748; -0.105363; 4.31789e-08;
0.390601; -0.103104; 4.31889e-08;
0.388451; -0.100852; 4.31995e-08;
0.387017; -0.0993535; 4.32069e-08;
0.384863; -0.0971123; 4.32184e-08;
0.382707; -0.0948778; 4.32306e-08;
0.380549; -0.0926502; 4.32434e-08;
0.378388; -0.0904292; 4.32567e-08;
0.376225; -0.0882152; 4.32707e-08;
0.37406; -0.0860079; 4.32852e-08;
0.371893; -0.0838074; 4.33004e-08;
0.369723; -0.0816137; 4.33161e-08;
0.368276; -0.079655; 4.33269e-08;
0.366103; -0.0779728; 4.33436e-08;
0.363928; -0.0757971; 4.33609e-08;
0.362477; -0.0743507; 4.33728e-08;
0.360298; -0.0721865; 4.33911e-08;
0.358844; -0.0702476; 4.34036e-08;
0.356662; -0.0685951; 4.34229e-08;
0.354478; -0.0664491; 4.34427e-08;
0.352292; -0.0643103; 4.34632e-08;
0.350103; -0.0621781; 4.34842e-08;
0.347913; -0.060053; 4.35059e-08;
0.345721; -0.0579346; 4.35281e-08;
0.343527; -0.0558232; 4.35509e-08;
0.341331; -0.0537186; 4.35743e-08;
0.339133; -0.0521211; 4.35983e-08;
0.336934; -0.0495303; 4.36229e-08;
0.334732; -0.0474465; 4.36481e-08;
0.332529; -0.0453695; 4.36739e-08;
0.330324; -0.0432997; 4.37002e-08;
0.328116; -0.0412365; 4.37272e-08;
0.325908; -0.0391805; 4.37547e-08;
0.323697; -0.0371311; 4.37828e-08;
0.321485; -0.0350891; 4.38115e-08;
0.319271; -0.0330538; 4.38408e-08;
0.317056; -0.0310255; 4.38707e-08;
0.315578; -0.0291772; 4.3891e-08;
0.313359; -0.0276604; 4.39218e-08;
0.31114; -0.0256508; 4.39533e-08;
0.308918; -0.0236481; 4.39853e-08;
0.306695; -0.0216523; 4.40179e-08;
0.304471; -0.0196635; 4.40511e-08;
0.302245; -0.0176817; 4.40849e-08;
0.300017; -0.0157069; 4.41193e-08;
0.297788; -0.0137391; 4.41542e-08;
0.295557; -0.0117783; 4.41898e-08;
0.293325; -0.00982461; 4.42259e-08;
0.291092; -0.00787771; 4.42626e-08;
0.288112; -0.00579308; 4.43125e-08;
0.286621; -0.00400522; 4.43378e-08;
0.285129; -0.00272075; 4.43634e-08;
0.282891; -0.000799811; 4.44022e-08;
0.280651; 0.00111425; 4.44416e-08;
0.27841; 0.00302108; 4.44816e-08;
0.276168; 0.00492111; 4.45222e-08;
0.273176; 0.00744329; 4.45772e-08;
0.270931; 0.00932678; 4.46192e-08;
0.269433; 0.0105784; 4.46475e-08;
0.267186; 0.0124501; 4.46904e-08;
0.264938; 0.0143147; 4.47339e-08;
0.262689; 0.0161723; 4.47779e-08;
0.260438; 0.0180228; 4.48226e-08;
0.258187; 0.0198662; 4.48678e-08;
0.255934; 0.0217026; 4.49136e-08;
0.25368; 0.0235318; 4.49599e-08;
0.251425; 0.0253539; 4.50069e-08;
0.24917; 0.0271691; 4.50544e-08;
0.246913; 0.028977; 4.51025e-08;
0.245408; 0.0306786; 4.51349e-08;
0.243902; 0.0318767; 4.51675e-08;
0.242397; 0.0330717; 4.52004e-08;
0.240137; 0.0343586; 4.52503e-08;
0.237877; 0.0361382; 4.53006e-08;
0.234861; 0.0385001; 4.53687e-08;
0.232599; 0.040263; 4.54204e-08;
0.23109; 0.0419344; 4.54552e-08;
0.228826; 0.0431856; 4.55079e-08;
0.226562; 0.0449297; 4.55612e-08;
0.224297; 0.0466667; 4.5615e-08;
0.222031; 0.0483966; 4.56694e-08;
0.219764; 0.0501192; 4.57244e-08;
0.217496; 0.0518348; 4.57799e-08;
0.215228; 0.0535433; 4.5836e-08;
0.212959; 0.0552447; 4.58926e-08;
0.21069; 0.0569389; 4.59499e-08;
0.20842; 0.0586261; 4.60077e-08;
0.20615; 0.060306; 4.6066e-08;
0.203879; 0.0619788; 4.6125e-08;
0.201607; 0.0636446; 4.61844e-08;
0.199335; 0.065303; 4.62445e-08;
0.197062; 0.0669546; 4.63051e-08;
0.194789; 0.0685987; 4.63663e-08;
0.192516; 0.070236; 4.6428e-08;
0.190242; 0.0718659; 4.64903e-08;
0.187967; 0.0734888; 4.65532e-08;
0.185693; 0.0751045; 4.66166e-08;
0.183418; 0.076713; 4.66806e-08;
0.181142; 0.0783145; 4.67452e-08;
0.178866; 0.0799087; 4.68103e-08;
0.177349; 0.0814676; 4.6854e-08;
0.175073; 0.08255; 4.692e-08;
0.172797; 0.0841251; 4.69866e-08;
0.17052; 0.0856932; 4.70538e-08;
0.168243; 0.0872541; 4.71215e-08;
0.166725; 0.0882906; 4.71669e-08;
0.164448; 0.0898397; 4.72355e-08;
0.161411; 0.0913938; 4.73279e-08;
0.159134; 0.0934261; 4.73978e-08;
0.156857; 0.0949511; 4.74683e-08;
0.155338; 0.0959641; 4.75155e-08;
0.152301; 0.0979799; 4.76108e-08;
0.150024; 0.0994837; 4.7683e-08;
0.15; 0.100984; 4.76837e-08;
0.15; 0.102484; 4.76837e-08;
0.15; 0.103984; 4.76837e-08;
0.15; 0.105484; 4.76837e-08;
0.15; 0.106984; 4.76837e-08;
0.15; 0.108484; 4.76837e-08;
0.15; 0.109484; 4.76837e-08;
0.15; 0.110484; 4.76837e-08;
0.15; 0.111984; 4.76837e-08;
0.15; 0.113984; 4.76837e-08;
0.15; 0.114984; 4.76837e-08;
0.15; 0.116484; 4.76837e-08;
0.15; 0.117984; 4.76837e-08;
0.15; 0.119484; 4.76837e-08;
0.15; 0.120984; 4.76837e-08;
0.15; 0.122484; 4.76837e-08;
0.15; 0.123984; 4.76837e-08;
0.15; 0.125484; 4.76837e-08;
0.15; 0.126484; 4.76837e-08;
0.15; 0.127984; 4.76837e-08;
0.15; 0.129484; 4.76837e-08;
0.15; 0.130984; 4.76837e-08;
0.15; 0.132484; 4.76837e-08;
0.15; 0.134484; 4.76837e-08;
0.15; 0.135984; 4.76837e-08;
0.15; 0.137484; 4.76837e-08;
0.15; 0.138984; 4.76837e-08;
0.15; 0.140484; 4.76837e-08;
0.15; 0.141984; 4.76837e-08;
0.15; 0.143984; 4.76837e-08;
0.15; 0.145484; 4.76837e-08;
0.15; 0.146984; 4.76837e-08;
0.15; 0.148484; 4.76837e-08;
0.15; 0.149984; 4.76837e-08;
0.15; 0.151484; 4.76837e-08;
0.15; 0.152984; 4.76837e-08;
0.15; 0.154484; 4.76837e-08;
0.15; 0.155984; 4.76837e-08;
0.15; 0.156984; 4.76837e-08;
0.15; 0.158484; 4.76837e-08;
0.15; 0.159484; 4.76837e-08;
0.15; 0.160984; 4.76837e-08;
0.15; 0.162484; 4.76837e-08;
0.15; 0.163984; 4.76837e-08;
0.15; 0.165484; 4.76837e-08;
0.15; 0.166484; 4.76837e-08;
0.15; 0.167484; 4.76837e-08;
0.15; 0.168984; 4.76837e-08;
0.15; 0.169984; 4.76837e-08;
0.15; 0.171484; 4.76837e-08;
0.15; 0.172484; 4.76837e-08;
0.15; 0.173984; 4.76837e-08;
0.15; 0.175484; 4.76837e-08;
0.15; 0.176984; 4.76837e-08;
0.15; 0.178484; 4.76837e-08;
0.15; 0.179984; 4.76837e-08;
0.15; 0.181484; 4.76837e-08;
0.15; 0.182984; 4.76837e-08;
0.15; 0.184484; 4.76837e-08;
0.15; 0.185984; 4.76837e-08;
0.15; 0.187484; 4.76837e-08;
0.15; 0.188984; 4.76837e-08;
0.15; 0.190484; 4.76837e-08;
0.15; 0.191984; 4.76837e-08;
0.15; 0.193984; 4.76837e-08;
0.15; 0.195984; 4.76837e-08;
0.15; 0.197484; 4.76837e-08;
0.15; 0.198984; 4.76837e-08;
0.15; 0.201484; 4.76837e-08;
0.15; 0.202984; 4.76837e-08;
0.15; 0.204484; 4.76837e-08;
0.15; 0.205984; 4.76837e-08;
0.15; 0.207484; 4.76837e-08;
0.15; 0.208984; 4.76837e-08;
0.15; 0.210484; 4.76837e-08;
0.15; 0.211484; 4.76837e-08;
0.15; 0.212984; 4.76837e-08;
0.15; 0.214484; 4.76837e-08;
0.15; 0.215984; 4.76837e-08;
0.15; 0.217484; 4.76837e-08;
0.15; 0.218984; 4.76837e-08;
0.15; 0.219984; 4.76837e-08;
0.15; 0.221484; 4.76837e-08;
0.15; 0.222484; 4.76837e-08;
0.15; 0.223484; 4.76837e-08;
0.15; 0.224984; 4.76837e-08;
0.15; 0.226484; 4.76837e-08;
0.15; 0.227984; 4.76837e-08;
0.15; 0.229484; 4.76837e-08;